<?xml version="1.0"?>
<!DOCTYPE hibernate-mapping PUBLIC "-//Hibernate/Hibernate Mapping DTD 3.0//EN"
"http://www.hibernate.org/dtd/hibernate-mapping-3.0.dtd">
<!-- Generated Apr 27, 2017 7:52:45 AM by Hibernate Tools 5.2.1.Final -->
<hibernate-mapping>
    <class name="neu.edu.entity.Category" table="category" catalog="mydb" optimistic-lock="version">
        <id name="catergoryName" type="string">
            <column name="catergory_name" length="45" />
            <generator class="assigned" />
        </id>
        <set name="userProjects" table="user_project" inverse="true" lazy="true" fetch="select">
            <key>
                <column name="categoryName" length="45" />
            </key>
            <one-to-many class="neu.edu.entity.UserProject" />
        </set>
    </class>
</hibernate-mapping>
