<?xml version="1.0"?>
<!DOCTYPE hibernate-mapping PUBLIC "-//Hibernate/Hibernate Mapping DTD 3.0//EN"
"http://www.hibernate.org/dtd/hibernate-mapping-3.0.dtd">
<!-- Generated Apr 27, 2017 7:52:45 AM by Hibernate Tools 5.2.1.Final -->
<hibernate-mapping>
    <class name="neu.edu.entity.Payment" table="payment" catalog="mydb" optimistic-lock="version">
        <id name="paymentId" type="java.lang.Integer">
            <column name="payment_id" />
            <generator class="identity" />
        </id>
        <many-to-one name="projservice" class="neu.edu.entity.Projservice" fetch="select">
            <column name="serviceid" />
        </many-to-one>
        <many-to-one name="userAccount" class="neu.edu.entity.UserAccount" fetch="select">
            <column name="user_id" />
        </many-to-one>
        <property name="paymentamount" type="double">
            <column name="paymentamount" precision="22" scale="0" not-null="true" />
        </property>
        <property name="modeOfPayment" type="string">
            <column name="mode_of_payment" length="45" />
        </property>
        <property name="cardNumber" type="string">
            <column name="CardNumber" length="45" />
        </property>
        <property name="projName" type="string">
            <column name="proj_name" length="45" />
        </property>
    </class>
</hibernate-mapping>
