<?xml version="1.0"?>
<!DOCTYPE hibernate-mapping PUBLIC "-//Hibernate/Hibernate Mapping DTD 3.0//EN"
"http://www.hibernate.org/dtd/hibernate-mapping-3.0.dtd">
<!-- Generated Apr 25, 2017 2:59:44 AM by Hibernate Tools 5.2.1.Final -->
<hibernate-mapping>
    <class name="neu.edu.entity.Service" table="service" catalog="mydb" optimistic-lock="version">
        <id name="service" type="java.lang.Integer">
            <column name="service" />
            <generator class="identity" />
        </id>
        <many-to-one name="userProject" class="neu.edu.entity.UserProject" fetch="select">
            <column name="project_id" />
            <column name="project_name" length="45" />
        </many-to-one>
        <property name="servicename" type="string">
            <column name="servicename" length="45" />
        </property>
        <property name="cost" type="string">
            <column name="cost" length="45" />
        </property>
        <set name="payments" table="payment" inverse="true" lazy="true" fetch="select">
            <key>
                <column name="serviceid" />
            </key>
            <one-to-many class="neu.edu.entity.Payment" />
        </set>
    </class>
</hibernate-mapping>
