<?xml version="1.0"?>
<!DOCTYPE hibernate-mapping PUBLIC "-//Hibernate/Hibernate Mapping DTD 3.0//EN"
"http://www.hibernate.org/dtd/hibernate-mapping-3.0.dtd">
<!-- Generated Apr 27, 2017 7:52:45 AM by Hibernate Tools 5.2.1.Final -->
<hibernate-mapping>
    <class name="neu.edu.entity.UserAccount" table="user_account" catalog="mydb" optimistic-lock="version">
        <id name="id" type="java.lang.Integer">
            <column name="ID" />
            <generator class="identity" />
        </id>
        <property name="userName" type="string">
            <column name="USER_NAME" length="30" unique="true" />
        </property>
        <property name="name" type="string">
            <column name="NAME" length="100" />
        </property>
        <property name="password" type="string">
            <column name="PASSWORD" length="100" />
        </property>
        <property name="age" type="timestamp">
            <column name="AGE" length="19" />
        </property>
        <property name="role" type="string">
            <column name="ROLE" length="45" not-null="true" />
        </property>
        <property name="title" type="string">
            <column name="TITLE" length="45" />
        </property>
        <property name="location" type="string">
            <column name="LOCATION" length="45" />
        </property>
        <set name="payments" table="payment" inverse="true" lazy="true" fetch="select">
            <key>
                <column name="user_id" />
            </key>
            <one-to-many class="neu.edu.entity.Payment" />
        </set>
        <set name="userProjects" table="user_project" inverse="true" lazy="true" fetch="select">
            <key>
                <column name="user_id" not-null="true" />
            </key>
            <one-to-many class="neu.edu.entity.UserProject" />
        </set>
        <one-to-one name="userInformation" class="neu.edu.entity.UserInformation"></one-to-one>
    </class>
</hibernate-mapping>
