<?xml version="1.0"?>
<!DOCTYPE hibernate-mapping PUBLIC "-//Hibernate/Hibernate Mapping DTD 3.0//EN"
"http://www.hibernate.org/dtd/hibernate-mapping-3.0.dtd">
<!-- Generated Apr 27, 2017 7:52:45 AM by Hibernate Tools 5.2.1.Final -->
<hibernate-mapping>
    <class name="neu.edu.entity.UserProject" table="user_project" catalog="mydb" optimistic-lock="version">
        <composite-id name="id" class="neu.edu.entity.UserProjectId">
            <key-property name="userId" type="int">
                <column name="user_id" />
            </key-property>
            <key-property name="name" type="string">
                <column name="name" length="45" />
            </key-property>
        </composite-id>
        <many-to-one name="category" class="neu.edu.entity.Category" fetch="select">
            <column name="categoryName" length="45" />
        </many-to-one>
        <many-to-one name="userAccount" class="neu.edu.entity.UserAccount" update="false" insert="false" fetch="select">
            <column name="user_id" not-null="true" />
        </many-to-one>
        <property name="description" type="string">
            <column name="description" length="100" />
        </property>
        <property name="backers" type="java.lang.Double">
            <column name="Backers" precision="22" scale="0" />
        </property>
        <property name="status" type="string">
            <column name="status" length="45" />
        </property>
        <property name="amountRequired" type="java.lang.Double">
            <column name="Amount_Required" precision="22" scale="0" />
        </property>
        <property name="location" type="string">
            <column name="location" length="45" />
        </property>
        <property name="fundingDuration" type="string">
            <column name="Funding_Duration" length="45" />
        </property>
        <property name="startDate" type="date">
            <column name="Start_Date" length="10" />
        </property>
        <property name="amountReached" type="java.lang.Double">
            <column name="Amount_Reached" precision="22" scale="0" />
        </property>
        <set name="projservices" table="projservice" inverse="true" lazy="true" fetch="select">
            <key>
                <column name="project_id" />
                <column name="project_name" length="45" />
            </key>
            <one-to-many class="neu.edu.entity.Projservice" />
        </set>
    </class>
</hibernate-mapping>
